{"cameraMode":{"drawMode":0,"name":"Shaded","section":"Shading Mode"},"sceneLighting":true,"audioPlay":false,"sceneViewState":{"showFog":false,"showMaterialUpdate":false,"showSkybox":false,"showFlares":false,"showImageEffects":false,"showParticleSystems":false},"in2DMode":false,"pivot":{"x":41.044593811035159,"y":9.351288795471192,"z":7.101091384887695},"rotation":{"x":0.002890587318688631,"y":-0.2675960659980774,"z":0.0008027752046473324,"w":0.9635273218154907},"size":22.152542114257814,"orthographic":false}