{"cameraMode":{"drawMode":0,"name":"Shaded","section":"Shading Mode"},"sceneLighting":false,"audioPlay":false,"sceneViewState":{"showFog":false,"showMaterialUpdate":false,"showSkybox":false,"showFlares":false,"showImageEffects":false,"showParticleSystems":false},"in2DMode":false,"pivot":{"x":-11.324417114257813,"y":-7.927096843719482,"z":-11.324417114257813},"rotation":{"x":-0.09558719396591187,"y":0.20366336405277253,"z":-0.01998397707939148,"w":-0.9741588830947876},"size":0.17320546507835389,"orthographic":false}