{"cameraMode":{"drawMode":0,"name":"Shaded","section":"Shading Mode"},"sceneLighting":true,"audioPlay":false,"sceneViewState":{"showFog":true,"showMaterialUpdate":false,"showSkybox":true,"showFlares":true,"showImageEffects":true,"showParticleSystems":true},"in2DMode":false,"pivot":{"x":-11.899723052978516,"y":2.6588664054870607,"z":-25.421689987182618},"rotation":{"x":-0.18636639416217805,"y":0.3715781271457672,"z":-0.07641015201807022,"w":-0.906288743019104},"size":3.6172285079956056,"orthographic":false}